{
    "variables": {
        "COMMIT_HASH_FIRST6": "",
        "BUILD_DATE": "",
        "BUILD_USER": "",
        "BUILD_DEVICE": ""
    },
    "builders": [{
        "type": "arm",
        "file_urls": ["https://downloads.raspberrypi.com/raspios_lite_arm64/images/raspios_lite_arm64-2024-11-19/2024-11-19-raspios-bookworm-arm64-lite.img.xz"],
        "file_checksum_url": "https://downloads.raspberrypi.com/raspios_lite_arm64/images/raspios_lite_arm64-2024-11-19/2024-11-19-raspios-bookworm-arm64-lite.img.xz.sha256",
        "file_checksum_type": "sha256",
        "file_target_extension": "xz",
        "file_unarchive_cmd": ["xz", "--decompress", "$ARCHIVE_PATH"],
        "image_build_method": "reuse",
        "image_path": "corora-pi-zero2.img",
        "image_size": "4G",
        "image_type": "dos",
        "image_partitions": [
            {
                "name": "boot",
                "type": "c",
                "start_sector": "8192",
                "filesystem": "vfat",
                "size": "256M",
                "mountpoint": "/boot"
            },
            {
                "name": "root",
                "type": "83",
                "start_sector": "532480",
                "size": "0",
                "mountpoint": "/"
            }
        ],
        "image_chroot_env": ["PATH=/usr/local/bin:/usr/local/sbin:/usr/bin:/usr/sbin:/bin:/sbin"],
        "qemu_binary_source_path": "/usr/bin/qemu-arm-static",
        "qemu_binary_destination_path": "/usr/bin/qemu-arm-static"
    }],
    "provisioners": [
        {
            "type": "file",
            "source": "./files",
            "destination": "/tmp/packer-files"
        },
        {
            "type": "shell",
            "environment_vars": [
                "COMMIT_HASH_FIRST6={{user `COMMIT_HASH_FIRST6`}}",
                "BUILD_DATE={{user `BUILD_DATE`}}",
                "BUILD_USER={{user `BUILD_USER`}}",
                "BUILD_DEVICE={{user `BUILD_DEVICE`}}"
            ],
            "scripts": [
                "scripts/config.sh",
                "scripts/users.sh",
                "scripts/motd.sh",
                "scripts/ssh.sh",
                "scripts/packages.sh",
                "scripts/web-interface.sh",
                "scripts/usb-ethernet.sh",
                "scripts/network.sh",
                "scripts/shutdown-radarman.sh"
            ]
        }
    ]
}